mutation_id,type,file,line,result,time_ms
1,ARITH_ADD,/Users/paulbiggar/projects/ralph2/src/DarkCompiler/passes/1_Parser.fs,341,SURVIVED,21867
2,ARITH_ADD,/Users/paulbiggar/projects/ralph2/src/DarkCompiler/passes/1_Parser.fs,542,BUILD_FAILURE,4332
3,ARITH_ADD,/Users/paulbiggar/projects/ralph2/src/DarkCompiler/passes/1_Parser.fs,657,BUILD_FAILURE,4477
4,ARITH_ADD,/Users/paulbiggar/projects/ralph2/src/DarkCompiler/passes/1_Parser.fs,843,BUILD_FAILURE,4150
5,ARITH_ADD,/Users/paulbiggar/projects/ralph2/src/DarkCompiler/passes/1_Parser.fs,944,BUILD_FAILURE,4334
6,ARITH_ADD,/Users/paulbiggar/projects/ralph2/src/DarkCompiler/passes/1_Parser.fs,1523,BUILD_FAILURE,4201
7,ARITH_SUB,/Users/paulbiggar/projects/ralph2/src/DarkCompiler/passes/1_Parser.fs,339,SURVIVED,21816
8,ARITH_MUL,/Users/paulbiggar/projects/ralph2/src/DarkCompiler/passes/1_Parser.fs,697,BUILD_FAILURE,4181
9,ARITH_MUL,/Users/paulbiggar/projects/ralph2/src/DarkCompiler/passes/1_Parser.fs,1518,BUILD_FAILURE,901
10,ARITH_MUL,/Users/paulbiggar/projects/ralph2/src/DarkCompiler/passes/1_Parser.fs,1848,BUILD_FAILURE,4066
11,ARITH_MUL,/Users/paulbiggar/projects/ralph2/src/DarkCompiler/passes/1_Parser.fs,1934,BUILD_FAILURE,4389
12,CMP_LT,/Users/paulbiggar/projects/ralph2/src/DarkCompiler/passes/1_Parser.fs,578,KILLED,12745
13,CMP_LT,/Users/paulbiggar/projects/ralph2/src/DarkCompiler/passes/1_Parser.fs,690,SURVIVED,21710
14,CMP_LT,/Users/paulbiggar/projects/ralph2/src/DarkCompiler/passes/1_Parser.fs,1905,KILLED,21725
15,CMP_NEQ,/Users/paulbiggar/projects/ralph2/src/DarkCompiler/passes/1_Parser.fs,909,SURVIVED,23907
16,CMP_NEQ,/Users/paulbiggar/projects/ralph2/src/DarkCompiler/passes/1_Parser.fs,910,SURVIVED,21810
17,CMP_NEQ,/Users/paulbiggar/projects/ralph2/src/DarkCompiler/passes/1_Parser.fs,911,SURVIVED,24527
18,CMP_NEQ,/Users/paulbiggar/projects/ralph2/src/DarkCompiler/passes/1_Parser.fs,962,KILLED,13127
19,LOGIC_AND,/Users/paulbiggar/projects/ralph2/src/DarkCompiler/passes/1_Parser.fs,909,KILLED,24218
20,LOGIC_AND,/Users/paulbiggar/projects/ralph2/src/DarkCompiler/passes/1_Parser.fs,910,KILLED,23173
21,LOGIC_AND,/Users/paulbiggar/projects/ralph2/src/DarkCompiler/passes/1_Parser.fs,911,KILLED,21917
22,ARITH_ADD,/Users/paulbiggar/projects/ralph2/src/DarkCompiler/passes/2.3_ANF_Optimize.fs,25,TIMEOUT,138720
23,ARITH_SUB,/Users/paulbiggar/projects/ralph2/src/DarkCompiler/passes/2.3_ANF_Optimize.fs,21,TIMEOUT,132656
24,ARITH_SUB,/Users/paulbiggar/projects/ralph2/src/DarkCompiler/passes/2.3_ANF_Optimize.fs,398,SURVIVED,22226
25,CMP_LTE,/Users/paulbiggar/projects/ralph2/src/DarkCompiler/passes/2.3_ANF_Optimize.fs,21,SURVIVED,21464
26,CMP_LTE,/Users/paulbiggar/projects/ralph2/src/DarkCompiler/passes/2.3_ANF_Optimize.fs,394,KILLED,23147
27,CMP_NEQ,/Users/paulbiggar/projects/ralph2/src/DarkCompiler/passes/2.3_ANF_Optimize.fs,21,TIMEOUT,132521
28,CMP_NEQ,/Users/paulbiggar/projects/ralph2/src/DarkCompiler/passes/2.3_ANF_Optimize.fs,335,SURVIVED,21839
29,CMP_NEQ,/Users/paulbiggar/projects/ralph2/src/DarkCompiler/passes/2.3_ANF_Optimize.fs,383,SURVIVED,21584
30,LOGIC_OR,/Users/paulbiggar/projects/ralph2/src/DarkCompiler/passes/2.3_ANF_Optimize.fs,21,TIMEOUT,132351
31,LOGIC_OR,/Users/paulbiggar/projects/ralph2/src/DarkCompiler/passes/2.3_ANF_Optimize.fs,367,SURVIVED,22115
32,LOGIC_OR,/Users/paulbiggar/projects/ralph2/src/DarkCompiler/passes/2.3_ANF_Optimize.fs,383,SURVIVED,21187
33,ARITH_ADD,/Users/paulbiggar/projects/ralph2/src/DarkCompiler/passes/2.4_ANF_Inlining.fs,78,SURVIVED,26431
34,ARITH_MUL,/Users/paulbiggar/projects/ralph2/src/DarkCompiler/passes/2.4_ANF_Inlining.fs,136,BUILD_FAILURE,919
35,ARITH_MUL,/Users/paulbiggar/projects/ralph2/src/DarkCompiler/passes/2.4_ANF_Inlining.fs,152,BUILD_FAILURE,893
36,CMP_LT,/Users/paulbiggar/projects/ralph2/src/DarkCompiler/passes/2.4_ANF_Inlining.fs,323,KILLED,19491
37,CMP_LTE,/Users/paulbiggar/projects/ralph2/src/DarkCompiler/passes/2.4_ANF_Inlining.fs,320,KILLED,45980
38,LOGIC_AND,/Users/paulbiggar/projects/ralph2/src/DarkCompiler/passes/2.4_ANF_Inlining.fs,321,KILLED,17434
39,LOGIC_AND,/Users/paulbiggar/projects/ralph2/src/DarkCompiler/passes/2.4_ANF_Inlining.fs,322,TIMEOUT,132183
40,LOGIC_AND,/Users/paulbiggar/projects/ralph2/src/DarkCompiler/passes/2.4_ANF_Inlining.fs,323,TIMEOUT,133756
41,LOGIC_OR,/Users/paulbiggar/projects/ralph2/src/DarkCompiler/passes/2.4_ANF_Inlining.fs,90,SURVIVED,23945
42,LOGIC_OR,/Users/paulbiggar/projects/ralph2/src/DarkCompiler/passes/2.4_ANF_Inlining.fs,93,SURVIVED,21986
43,LOGIC_OR,/Users/paulbiggar/projects/ralph2/src/DarkCompiler/passes/2.4_ANF_Inlining.fs,403,SURVIVED,23077
44,LOGIC_OR,/Users/paulbiggar/projects/ralph2/src/DarkCompiler/passes/2.4_ANF_Inlining.fs,452,SURVIVED,22325
45,ARITH_MUL,/Users/paulbiggar/projects/ralph2/src/DarkCompiler/passes/2.5_RefCountInsertion.fs,29,BUILD_FAILURE,4484
46,LOGIC_AND,/Users/paulbiggar/projects/ralph2/src/DarkCompiler/passes/2.7_TailCallDetection.fs,71,KILLED,13532
47,ARITH_ADD,/Users/paulbiggar/projects/ralph2/src/DarkCompiler/passes/2_AST_to_ANF.fs,57,BUILD_FAILURE,4527
48,ARITH_ADD,/Users/paulbiggar/projects/ralph2/src/DarkCompiler/passes/2_AST_to_ANF.fs,1241,KILLED,21823
49,ARITH_ADD,/Users/paulbiggar/projects/ralph2/src/DarkCompiler/passes/2_AST_to_ANF.fs,1262,SURVIVED,22333
50,ARITH_ADD,/Users/paulbiggar/projects/ralph2/src/DarkCompiler/passes/2_AST_to_ANF.fs,1340,KILLED,23132
51,ARITH_ADD,/Users/paulbiggar/projects/ralph2/src/DarkCompiler/passes/2_AST_to_ANF.fs,1361,SURVIVED,22847
52,ARITH_ADD,/Users/paulbiggar/projects/ralph2/src/DarkCompiler/passes/2_AST_to_ANF.fs,1393,SURVIVED,22958
53,ARITH_ADD,/Users/paulbiggar/projects/ralph2/src/DarkCompiler/passes/2_AST_to_ANF.fs,1491,SURVIVED,22403
54,ARITH_ADD,/Users/paulbiggar/projects/ralph2/src/DarkCompiler/passes/2_AST_to_ANF.fs,2063,KILLED,22855
55,ARITH_ADD,/Users/paulbiggar/projects/ralph2/src/DarkCompiler/passes/2_AST_to_ANF.fs,2068,KILLED,22854
56,ARITH_ADD,/Users/paulbiggar/projects/ralph2/src/DarkCompiler/passes/2_AST_to_ANF.fs,2112,KILLED,22761
57,ARITH_ADD,/Users/paulbiggar/projects/ralph2/src/DarkCompiler/passes/2_AST_to_ANF.fs,2116,KILLED,23016
58,ARITH_ADD,/Users/paulbiggar/projects/ralph2/src/DarkCompiler/passes/2_AST_to_ANF.fs,3086,SURVIVED,23221
59,ARITH_ADD,/Users/paulbiggar/projects/ralph2/src/DarkCompiler/passes/2_AST_to_ANF.fs,3429,KILLED,12361
60,ARITH_ADD,/Users/paulbiggar/projects/ralph2/src/DarkCompiler/passes/2_AST_to_ANF.fs,3437,SURVIVED,22633
61,ARITH_ADD,/Users/paulbiggar/projects/ralph2/src/DarkCompiler/passes/2_AST_to_ANF.fs,3495,SURVIVED,23295
62,ARITH_ADD,/Users/paulbiggar/projects/ralph2/src/DarkCompiler/passes/2_AST_to_ANF.fs,3502,SURVIVED,23011
63,ARITH_ADD,/Users/paulbiggar/projects/ralph2/src/DarkCompiler/passes/2_AST_to_ANF.fs,3595,KILLED,23521
64,ARITH_ADD,/Users/paulbiggar/projects/ralph2/src/DarkCompiler/passes/2_AST_to_ANF.fs,3597,KILLED,24254
65,ARITH_ADD,/Users/paulbiggar/projects/ralph2/src/DarkCompiler/passes/2_AST_to_ANF.fs,3610,SURVIVED,23205
66,ARITH_ADD,/Users/paulbiggar/projects/ralph2/src/DarkCompiler/passes/2_AST_to_ANF.fs,3612,SURVIVED,24201
67,ARITH_ADD,/Users/paulbiggar/projects/ralph2/src/DarkCompiler/passes/2_AST_to_ANF.fs,3660,SURVIVED,22892
68,ARITH_ADD,/Users/paulbiggar/projects/ralph2/src/DarkCompiler/passes/2_AST_to_ANF.fs,3662,SURVIVED,22971
69,ARITH_ADD,/Users/paulbiggar/projects/ralph2/src/DarkCompiler/passes/2_AST_to_ANF.fs,3730,SURVIVED,23638
70,ARITH_ADD,/Users/paulbiggar/projects/ralph2/src/DarkCompiler/passes/2_AST_to_ANF.fs,3747,SURVIVED,22658
71,ARITH_ADD,/Users/paulbiggar/projects/ralph2/src/DarkCompiler/passes/2_AST_to_ANF.fs,3749,SURVIVED,23409
72,ARITH_ADD,/Users/paulbiggar/projects/ralph2/src/DarkCompiler/passes/2_AST_to_ANF.fs,3754,SURVIVED,23135
73,ARITH_ADD,/Users/paulbiggar/projects/ralph2/src/DarkCompiler/passes/2_AST_to_ANF.fs,3823,SURVIVED,23524
74,ARITH_ADD,/Users/paulbiggar/projects/ralph2/src/DarkCompiler/passes/2_AST_to_ANF.fs,3825,SURVIVED,25008
75,ARITH_ADD,/Users/paulbiggar/projects/ralph2/src/DarkCompiler/passes/2_AST_to_ANF.fs,3891,KILLED,23278
76,ARITH_ADD,/Users/paulbiggar/projects/ralph2/src/DarkCompiler/passes/2_AST_to_ANF.fs,3896,SURVIVED,23516
77,ARITH_ADD,/Users/paulbiggar/projects/ralph2/src/DarkCompiler/passes/2_AST_to_ANF.fs,3920,SURVIVED,23554
78,ARITH_ADD,/Users/paulbiggar/projects/ralph2/src/DarkCompiler/passes/2_AST_to_ANF.fs,3925,SURVIVED,22832
79,ARITH_ADD,/Users/paulbiggar/projects/ralph2/src/DarkCompiler/passes/2_AST_to_ANF.fs,4086,KILLED,23479
80,ARITH_ADD,/Users/paulbiggar/projects/ralph2/src/DarkCompiler/passes/2_AST_to_ANF.fs,4089,KILLED,23594
81,ARITH_ADD,/Users/paulbiggar/projects/ralph2/src/DarkCompiler/passes/2_AST_to_ANF.fs,4227,KILLED,23698
82,ARITH_ADD,/Users/paulbiggar/projects/ralph2/src/DarkCompiler/passes/2_AST_to_ANF.fs,4229,SURVIVED,23756
83,ARITH_ADD,/Users/paulbiggar/projects/ralph2/src/DarkCompiler/passes/2_AST_to_ANF.fs,4348,KILLED,23524
84,ARITH_ADD,/Users/paulbiggar/projects/ralph2/src/DarkCompiler/passes/2_AST_to_ANF.fs,4350,KILLED,23389
85,ARITH_ADD,/Users/paulbiggar/projects/ralph2/src/DarkCompiler/passes/2_AST_to_ANF.fs,4354,SURVIVED,22902
86,ARITH_ADD,/Users/paulbiggar/projects/ralph2/src/DarkCompiler/passes/2_AST_to_ANF.fs,4357,KILLED,23380
87,ARITH_ADD,/Users/paulbiggar/projects/ralph2/src/DarkCompiler/passes/2_AST_to_ANF.fs,4466,SURVIVED,23800
88,ARITH_ADD,/Users/paulbiggar/projects/ralph2/src/DarkCompiler/passes/2_AST_to_ANF.fs,4470,SURVIVED,23205
89,ARITH_ADD,/Users/paulbiggar/projects/ralph2/src/DarkCompiler/passes/2_AST_to_ANF.fs,5528,KILLED,29292
90,ARITH_SUB,/Users/paulbiggar/projects/ralph2/src/DarkCompiler/passes/2_AST_to_ANF.fs,3162,SURVIVED,22646
91,ARITH_SUB,/Users/paulbiggar/projects/ralph2/src/DarkCompiler/passes/2_AST_to_ANF.fs,3164,SURVIVED,23315
92,ARITH_SUB,/Users/paulbiggar/projects/ralph2/src/DarkCompiler/passes/2_AST_to_ANF.fs,3730,SURVIVED,22796
93,ARITH_SUB,/Users/paulbiggar/projects/ralph2/src/DarkCompiler/passes/2_AST_to_ANF.fs,5604,KILLED,23707
94,ARITH_SUB,/Users/paulbiggar/projects/ralph2/src/DarkCompiler/passes/2_AST_to_ANF.fs,5606,KILLED,12137
95,ARITH_MUL,/Users/paulbiggar/projects/ralph2/src/DarkCompiler/passes/2_AST_to_ANF.fs,833,BUILD_FAILURE,4382
96,ARITH_MUL,/Users/paulbiggar/projects/ralph2/src/DarkCompiler/passes/2_AST_to_ANF.fs,835,BUILD_FAILURE,4392
97,ARITH_MUL,/Users/paulbiggar/projects/ralph2/src/DarkCompiler/passes/2_AST_to_ANF.fs,907,BUILD_FAILURE,4345
98,ARITH_MUL,/Users/paulbiggar/projects/ralph2/src/DarkCompiler/passes/2_AST_to_ANF.fs,909,BUILD_FAILURE,4304
99,ARITH_MUL,/Users/paulbiggar/projects/ralph2/src/DarkCompiler/passes/2_AST_to_ANF.fs,1295,BUILD_FAILURE,4339
100,ARITH_MUL,/Users/paulbiggar/projects/ralph2/src/DarkCompiler/passes/2_AST_to_ANF.fs,1417,BUILD_FAILURE,4353
101,ARITH_MUL,/Users/paulbiggar/projects/ralph2/src/DarkCompiler/passes/2_AST_to_ANF.fs,1427,BUILD_FAILURE,4138
102,ARITH_MUL,/Users/paulbiggar/projects/ralph2/src/DarkCompiler/passes/2_AST_to_ANF.fs,1437,BUILD_FAILURE,4359
103,ARITH_MUL,/Users/paulbiggar/projects/ralph2/src/DarkCompiler/passes/2_AST_to_ANF.fs,1470,BUILD_FAILURE,4160
104,ARITH_MUL,/Users/paulbiggar/projects/ralph2/src/DarkCompiler/passes/2_AST_to_ANF.fs,1649,BUILD_FAILURE,4328
105,ARITH_MUL,/Users/paulbiggar/projects/ralph2/src/DarkCompiler/passes/2_AST_to_ANF.fs,3730,SURVIVED,21995
106,ARITH_MUL,/Users/paulbiggar/projects/ralph2/src/DarkCompiler/passes/2_AST_to_ANF.fs,5900,BUILD_FAILURE,4469
107,ARITH_MUL,/Users/paulbiggar/projects/ralph2/src/DarkCompiler/passes/2_AST_to_ANF.fs,5912,BUILD_FAILURE,4359
108,ARITH_DIV,/Users/paulbiggar/projects/ralph2/src/DarkCompiler/passes/2_AST_to_ANF.fs,3162,SURVIVED,23495
109,ARITH_DIV,/Users/paulbiggar/projects/ralph2/src/DarkCompiler/passes/2_AST_to_ANF.fs,3164,SURVIVED,23975
110,ARITH_DIV,/Users/paulbiggar/projects/ralph2/src/DarkCompiler/passes/2_AST_to_ANF.fs,5604,KILLED,23663
111,ARITH_DIV,/Users/paulbiggar/projects/ralph2/src/DarkCompiler/passes/2_AST_to_ANF.fs,5606,KILLED,23359
112,CMP_LT,/Users/paulbiggar/projects/ralph2/src/DarkCompiler/passes/2_AST_to_ANF.fs,1057,SURVIVED,24121
113,CMP_LT,/Users/paulbiggar/projects/ralph2/src/DarkCompiler/passes/2_AST_to_ANF.fs,1113,SURVIVED,23456
114,CMP_LT,/Users/paulbiggar/projects/ralph2/src/DarkCompiler/passes/2_AST_to_ANF.fs,3153,SURVIVED,23850
115,CMP_LT,/Users/paulbiggar/projects/ralph2/src/DarkCompiler/passes/2_AST_to_ANF.fs,3159,SURVIVED,23761
116,CMP_LT,/Users/paulbiggar/projects/ralph2/src/DarkCompiler/passes/2_AST_to_ANF.fs,5595,KILLED,23390
117,CMP_LT,/Users/paulbiggar/projects/ralph2/src/DarkCompiler/passes/2_AST_to_ANF.fs,5601,KILLED,23538
118,CMP_NEQ,/Users/paulbiggar/projects/ralph2/src/DarkCompiler/passes/2_AST_to_ANF.fs,659,SURVIVED,23553
119,CMP_NEQ,/Users/paulbiggar/projects/ralph2/src/DarkCompiler/passes/2_AST_to_ANF.fs,4893,SURVIVED,24177
120,CMP_NEQ,/Users/paulbiggar/projects/ralph2/src/DarkCompiler/passes/2_AST_to_ANF.fs,4952,SURVIVED,25417
121,CMP_NEQ,/Users/paulbiggar/projects/ralph2/src/DarkCompiler/passes/2_AST_to_ANF.fs,5760,SURVIVED,23531
122,CMP_NEQ,/Users/paulbiggar/projects/ralph2/src/DarkCompiler/passes/2_AST_to_ANF.fs,5776,SURVIVED,24174
123,LOGIC_AND,/Users/paulbiggar/projects/ralph2/src/DarkCompiler/passes/2_AST_to_ANF.fs,386,KILLED,23871
124,LOGIC_AND,/Users/paulbiggar/projects/ralph2/src/DarkCompiler/passes/2_AST_to_ANF.fs,388,KILLED,23763
125,LOGIC_AND,/Users/paulbiggar/projects/ralph2/src/DarkCompiler/passes/2_AST_to_ANF.fs,522,KILLED,24007
126,LOGIC_AND,/Users/paulbiggar/projects/ralph2/src/DarkCompiler/passes/2_AST_to_ANF.fs,525,KILLED,13053
127,LOGIC_AND,/Users/paulbiggar/projects/ralph2/src/DarkCompiler/passes/2_AST_to_ANF.fs,526,KILLED,12324
128,LOGIC_AND,/Users/paulbiggar/projects/ralph2/src/DarkCompiler/passes/2_AST_to_ANF.fs,594,KILLED,23497
129,LOGIC_AND,/Users/paulbiggar/projects/ralph2/src/DarkCompiler/passes/2_AST_to_ANF.fs,595,KILLED,12351
130,LOGIC_AND,/Users/paulbiggar/projects/ralph2/src/DarkCompiler/passes/2_AST_to_ANF.fs,659,SURVIVED,23807
131,LOGIC_AND,/Users/paulbiggar/projects/ralph2/src/DarkCompiler/passes/2_AST_to_ANF.fs,949,SURVIVED,24428
132,LOGIC_OR,/Users/paulbiggar/projects/ralph2/src/DarkCompiler/passes/2_AST_to_ANF.fs,374,SURVIVED,23943
133,LOGIC_OR,/Users/paulbiggar/projects/ralph2/src/DarkCompiler/passes/2_AST_to_ANF.fs,522,SURVIVED,23217
134,LOGIC_OR,/Users/paulbiggar/projects/ralph2/src/DarkCompiler/passes/2_AST_to_ANF.fs,524,SURVIVED,23890
135,LOGIC_OR,/Users/paulbiggar/projects/ralph2/src/DarkCompiler/passes/2_AST_to_ANF.fs,593,KILLED,23546
136,LOGIC_OR,/Users/paulbiggar/projects/ralph2/src/DarkCompiler/passes/2_AST_to_ANF.fs,659,KILLED,24411
137,LOGIC_OR,/Users/paulbiggar/projects/ralph2/src/DarkCompiler/passes/2_AST_to_ANF.fs,661,SURVIVED,23857
138,LOGIC_OR,/Users/paulbiggar/projects/ralph2/src/DarkCompiler/passes/2_AST_to_ANF.fs,664,SURVIVED,23394
139,LOGIC_OR,/Users/paulbiggar/projects/ralph2/src/DarkCompiler/passes/2_AST_to_ANF.fs,670,SURVIVED,23471
140,LOGIC_OR,/Users/paulbiggar/projects/ralph2/src/DarkCompiler/passes/2_AST_to_ANF.fs,680,SURVIVED,24333
141,LOGIC_OR,/Users/paulbiggar/projects/ralph2/src/DarkCompiler/passes/2_AST_to_ANF.fs,687,SURVIVED,24203
142,ARITH_ADD,/Users/paulbiggar/projects/ralph2/src/DarkCompiler/passes/3.1_SSA_Construction.fs,529,KILLED,16233
143,ARITH_ADD,/Users/paulbiggar/projects/ralph2/src/DarkCompiler/passes/3.1_SSA_Construction.fs,567,KILLED,14951
144,ARITH_MUL,/Users/paulbiggar/projects/ralph2/src/DarkCompiler/passes/3.1_SSA_Construction.fs,486,BUILD_FAILURE,4374
145,LOGIC_OR,/Users/paulbiggar/projects/ralph2/src/DarkCompiler/passes/3.1_SSA_Construction.fs,136,KILLED,12842
146,CMP_LTE,/Users/paulbiggar/projects/ralph2/src/DarkCompiler/passes/3.5_MIR_Optimize.fs,735,SURVIVED,23799
147,CMP_NEQ,/Users/paulbiggar/projects/ralph2/src/DarkCompiler/passes/3.5_MIR_Optimize.fs,458,SURVIVED,24166
148,CMP_NEQ,/Users/paulbiggar/projects/ralph2/src/DarkCompiler/passes/3.5_MIR_Optimize.fs,571,SURVIVED,24044
149,CMP_NEQ,/Users/paulbiggar/projects/ralph2/src/DarkCompiler/passes/3.5_MIR_Optimize.fs,575,SURVIVED,24192
150,CMP_NEQ,/Users/paulbiggar/projects/ralph2/src/DarkCompiler/passes/3.5_MIR_Optimize.fs,586,SURVIVED,23419
151,LOGIC_AND,/Users/paulbiggar/projects/ralph2/src/DarkCompiler/passes/3.5_MIR_Optimize.fs,330,KILLED,18340
152,LOGIC_AND,/Users/paulbiggar/projects/ralph2/src/DarkCompiler/passes/3.5_MIR_Optimize.fs,586,SURVIVED,23680
153,LOGIC_OR,/Users/paulbiggar/projects/ralph2/src/DarkCompiler/passes/3.5_MIR_Optimize.fs,193,SURVIVED,23511
154,LOGIC_OR,/Users/paulbiggar/projects/ralph2/src/DarkCompiler/passes/3.5_MIR_Optimize.fs,326,SURVIVED,23806
155,LOGIC_OR,/Users/paulbiggar/projects/ralph2/src/DarkCompiler/passes/3.5_MIR_Optimize.fs,340,SURVIVED,23564
156,LOGIC_OR,/Users/paulbiggar/projects/ralph2/src/DarkCompiler/passes/3.5_MIR_Optimize.fs,399,SURVIVED,23089
157,LOGIC_OR,/Users/paulbiggar/projects/ralph2/src/DarkCompiler/passes/3.5_MIR_Optimize.fs,429,SURVIVED,23618
158,LOGIC_OR,/Users/paulbiggar/projects/ralph2/src/DarkCompiler/passes/3.5_MIR_Optimize.fs,441,SURVIVED,23975
159,LOGIC_OR,/Users/paulbiggar/projects/ralph2/src/DarkCompiler/passes/3.5_MIR_Optimize.fs,445,SURVIVED,24127
160,LOGIC_OR,/Users/paulbiggar/projects/ralph2/src/DarkCompiler/passes/3.5_MIR_Optimize.fs,786,SURVIVED,23609
161,LOGIC_OR,/Users/paulbiggar/projects/ralph2/src/DarkCompiler/passes/3.5_MIR_Optimize.fs,824,SURVIVED,24068
162,ARITH_ADD,/Users/paulbiggar/projects/ralph2/src/DarkCompiler/passes/3_ANF_to_MIR.fs,300,SURVIVED,23725
163,ARITH_MUL,/Users/paulbiggar/projects/ralph2/src/DarkCompiler/passes/3_ANF_to_MIR.fs,325,BUILD_FAILURE,4346
164,ARITH_MUL,/Users/paulbiggar/projects/ralph2/src/DarkCompiler/passes/3_ANF_to_MIR.fs,793,KILLED,24083
165,ARITH_MUL,/Users/paulbiggar/projects/ralph2/src/DarkCompiler/passes/3_ANF_to_MIR.fs,1387,KILLED,24260
166,CMP_GT,/Users/paulbiggar/projects/ralph2/src/DarkCompiler/passes/3_ANF_to_MIR.fs,289,KILLED,15795
167,LOGIC_AND,/Users/paulbiggar/projects/ralph2/src/DarkCompiler/passes/3_ANF_to_MIR.fs,780,SURVIVED,25557
168,LOGIC_AND,/Users/paulbiggar/projects/ralph2/src/DarkCompiler/passes/3_ANF_to_MIR.fs,784,SURVIVED,23713
169,LOGIC_AND,/Users/paulbiggar/projects/ralph2/src/DarkCompiler/passes/3_ANF_to_MIR.fs,1374,SURVIVED,24082
170,LOGIC_AND,/Users/paulbiggar/projects/ralph2/src/DarkCompiler/passes/3_ANF_to_MIR.fs,1378,SURVIVED,24442
171,LOGIC_OR,/Users/paulbiggar/projects/ralph2/src/DarkCompiler/passes/3_ANF_to_MIR.fs,221,SURVIVED,23704
172,LOGIC_OR,/Users/paulbiggar/projects/ralph2/src/DarkCompiler/passes/3_ANF_to_MIR.fs,1058,SURVIVED,23544
173,LOGIC_OR,/Users/paulbiggar/projects/ralph2/src/DarkCompiler/passes/3_ANF_to_MIR.fs,1640,SURVIVED,23809
174,ARITH_ADD,/Users/paulbiggar/projects/ralph2/src/DarkCompiler/passes/4.5_LIR_Optimize.fs,137,SURVIVED,23743
175,ARITH_SUB,/Users/paulbiggar/projects/ralph2/src/DarkCompiler/passes/4.5_LIR_Optimize.fs,131,SURVIVED,23857
176,CMP_GT,/Users/paulbiggar/projects/ralph2/src/DarkCompiler/passes/4.5_LIR_Optimize.fs,131,SURVIVED,23804
177,LOGIC_AND,/Users/paulbiggar/projects/ralph2/src/DarkCompiler/passes/4.5_LIR_Optimize.fs,92,SURVIVED,23795
178,LOGIC_AND,/Users/paulbiggar/projects/ralph2/src/DarkCompiler/passes/4.5_LIR_Optimize.fs,100,SURVIVED,24347
179,LOGIC_AND,/Users/paulbiggar/projects/ralph2/src/DarkCompiler/passes/4.5_LIR_Optimize.fs,131,SURVIVED,24813
180,ARITH_ADD,/Users/paulbiggar/projects/ralph2/src/DarkCompiler/passes/4_MIR_to_LIR.fs,487,SURVIVED,23678
181,ARITH_ADD,/Users/paulbiggar/projects/ralph2/src/DarkCompiler/passes/4_MIR_to_LIR.fs,562,SURVIVED,23753
182,ARITH_ADD,/Users/paulbiggar/projects/ralph2/src/DarkCompiler/passes/4_MIR_to_LIR.fs,717,SURVIVED,24555
183,ARITH_ADD,/Users/paulbiggar/projects/ralph2/src/DarkCompiler/passes/4_MIR_to_LIR.fs,796,SURVIVED,23689
184,CMP_GT,/Users/paulbiggar/projects/ralph2/src/DarkCompiler/passes/4_MIR_to_LIR.fs,939,KILLED,23460
185,ARITH_ADD,/Users/paulbiggar/projects/ralph2/src/DarkCompiler/passes/5_RegisterAllocation.fs,664,SURVIVED,24174
186,ARITH_ADD,/Users/paulbiggar/projects/ralph2/src/DarkCompiler/passes/5_RegisterAllocation.fs,683,SURVIVED,23988
187,ARITH_ADD,/Users/paulbiggar/projects/ralph2/src/DarkCompiler/passes/5_RegisterAllocation.fs,807,KILLED,13402
188,ARITH_ADD,/Users/paulbiggar/projects/ralph2/src/DarkCompiler/passes/5_RegisterAllocation.fs,835,KILLED,13231
189,ARITH_ADD,/Users/paulbiggar/projects/ralph2/src/DarkCompiler/passes/5_RegisterAllocation.fs,871,KILLED,15080
190,ARITH_ADD,/Users/paulbiggar/projects/ralph2/src/DarkCompiler/passes/5_RegisterAllocation.fs,892,KILLED,15484
191,ARITH_ADD,/Users/paulbiggar/projects/ralph2/src/DarkCompiler/passes/5_RegisterAllocation.fs,962,KILLED,13278
192,ARITH_ADD,/Users/paulbiggar/projects/ralph2/src/DarkCompiler/passes/5_RegisterAllocation.fs,1111,KILLED,24698
193,ARITH_ADD,/Users/paulbiggar/projects/ralph2/src/DarkCompiler/passes/5_RegisterAllocation.fs,1151,KILLED,24596
194,ARITH_ADD,/Users/paulbiggar/projects/ralph2/src/DarkCompiler/passes/5_RegisterAllocation.fs,1327,SURVIVED,24844
195,ARITH_ADD,/Users/paulbiggar/projects/ralph2/src/DarkCompiler/passes/5_RegisterAllocation.fs,2376,SURVIVED,24625
196,ARITH_ADD,/Users/paulbiggar/projects/ralph2/src/DarkCompiler/passes/5_RegisterAllocation.fs,2423,SURVIVED,23624
197,ARITH_ADD,/Users/paulbiggar/projects/ralph2/src/DarkCompiler/passes/5_RegisterAllocation.fs,2431,SURVIVED,23883
198,ARITH_ADD,/Users/paulbiggar/projects/ralph2/src/DarkCompiler/passes/5_RegisterAllocation.fs,2437,SURVIVED,23487
199,ARITH_ADD,/Users/paulbiggar/projects/ralph2/src/DarkCompiler/passes/5_RegisterAllocation.fs,2672,KILLED,15522
200,ARITH_ADD,/Users/paulbiggar/projects/ralph2/src/DarkCompiler/passes/5_RegisterAllocation.fs,2675,KILLED,13530
201,ARITH_SUB,/Users/paulbiggar/projects/ralph2/src/DarkCompiler/passes/5_RegisterAllocation.fs,806,SURVIVED,23899
202,ARITH_SUB,/Users/paulbiggar/projects/ralph2/src/DarkCompiler/passes/5_RegisterAllocation.fs,807,KILLED,13634
203,ARITH_SUB,/Users/paulbiggar/projects/ralph2/src/DarkCompiler/passes/5_RegisterAllocation.fs,834,SURVIVED,24281
204,ARITH_SUB,/Users/paulbiggar/projects/ralph2/src/DarkCompiler/passes/5_RegisterAllocation.fs,835,KILLED,13308
205,ARITH_SUB,/Users/paulbiggar/projects/ralph2/src/DarkCompiler/passes/5_RegisterAllocation.fs,870,SURVIVED,23771
206,ARITH_SUB,/Users/paulbiggar/projects/ralph2/src/DarkCompiler/passes/5_RegisterAllocation.fs,871,KILLED,16781
207,ARITH_SUB,/Users/paulbiggar/projects/ralph2/src/DarkCompiler/passes/5_RegisterAllocation.fs,891,SURVIVED,24176
208,ARITH_SUB,/Users/paulbiggar/projects/ralph2/src/DarkCompiler/passes/5_RegisterAllocation.fs,892,KILLED,16092
209,ARITH_SUB,/Users/paulbiggar/projects/ralph2/src/DarkCompiler/passes/5_RegisterAllocation.fs,942,KILLED,13132
210,ARITH_SUB,/Users/paulbiggar/projects/ralph2/src/DarkCompiler/passes/5_RegisterAllocation.fs,946,KILLED,13642
211,ARITH_SUB,/Users/paulbiggar/projects/ralph2/src/DarkCompiler/passes/5_RegisterAllocation.fs,1014,KILLED,24077
212,ARITH_SUB,/Users/paulbiggar/projects/ralph2/src/DarkCompiler/passes/5_RegisterAllocation.fs,1080,SURVIVED,24919
213,ARITH_SUB,/Users/paulbiggar/projects/ralph2/src/DarkCompiler/passes/5_RegisterAllocation.fs,1141,SURVIVED,24132
214,ARITH_SUB,/Users/paulbiggar/projects/ralph2/src/DarkCompiler/passes/5_RegisterAllocation.fs,1146,KILLED,23970
215,ARITH_SUB,/Users/paulbiggar/projects/ralph2/src/DarkCompiler/passes/5_RegisterAllocation.fs,1350,SURVIVED,23713
216,ARITH_SUB,/Users/paulbiggar/projects/ralph2/src/DarkCompiler/passes/5_RegisterAllocation.fs,1375,SURVIVED,23921
217,ARITH_SUB,/Users/paulbiggar/projects/ralph2/src/DarkCompiler/passes/5_RegisterAllocation.fs,2370,SURVIVED,23956
218,ARITH_SUB,/Users/paulbiggar/projects/ralph2/src/DarkCompiler/passes/5_RegisterAllocation.fs,2376,SURVIVED,24221
219,ARITH_SUB,/Users/paulbiggar/projects/ralph2/src/DarkCompiler/passes/5_RegisterAllocation.fs,2423,SURVIVED,23557
220,ARITH_SUB,/Users/paulbiggar/projects/ralph2/src/DarkCompiler/passes/5_RegisterAllocation.fs,2434,SURVIVED,24896
221,ARITH_SUB,/Users/paulbiggar/projects/ralph2/src/DarkCompiler/passes/5_RegisterAllocation.fs,2437,SURVIVED,24267
222,ARITH_MUL,/Users/paulbiggar/projects/ralph2/src/DarkCompiler/passes/5_RegisterAllocation.fs,1151,KILLED,24776
223,ARITH_MUL,/Users/paulbiggar/projects/ralph2/src/DarkCompiler/passes/5_RegisterAllocation.fs,1327,SURVIVED,24024
224,ARITH_MUL,/Users/paulbiggar/projects/ralph2/src/DarkCompiler/passes/5_RegisterAllocation.fs,2183,BUILD_FAILURE,952
225,ARITH_DIV,/Users/paulbiggar/projects/ralph2/src/DarkCompiler/passes/5_RegisterAllocation.fs,1151,KILLED,24100
226,ARITH_DIV,/Users/paulbiggar/projects/ralph2/src/DarkCompiler/passes/5_RegisterAllocation.fs,1327,SURVIVED,24536
227,CMP_LT,/Users/paulbiggar/projects/ralph2/src/DarkCompiler/passes/5_RegisterAllocation.fs,1111,KILLED,23941
228,CMP_LT,/Users/paulbiggar/projects/ralph2/src/DarkCompiler/passes/5_RegisterAllocation.fs,1132,KILLED,25105
229,CMP_LT,/Users/paulbiggar/projects/ralph2/src/DarkCompiler/passes/5_RegisterAllocation.fs,1203,KILLED,15038
230,CMP_LT,/Users/paulbiggar/projects/ralph2/src/DarkCompiler/passes/5_RegisterAllocation.fs,1340,SURVIVED,23324
231,CMP_LT,/Users/paulbiggar/projects/ralph2/src/DarkCompiler/passes/5_RegisterAllocation.fs,2432,SURVIVED,24237
232,CMP_GT,/Users/paulbiggar/projects/ralph2/src/DarkCompiler/passes/5_RegisterAllocation.fs,947,KILLED,13290
233,CMP_GT,/Users/paulbiggar/projects/ralph2/src/DarkCompiler/passes/5_RegisterAllocation.fs,980,SURVIVED,24144
234,CMP_GT,/Users/paulbiggar/projects/ralph2/src/DarkCompiler/passes/5_RegisterAllocation.fs,1009,SURVIVED,24390
235,CMP_GT,/Users/paulbiggar/projects/ralph2/src/DarkCompiler/passes/5_RegisterAllocation.fs,1017,KILLED,24141
236,CMP_GT,/Users/paulbiggar/projects/ralph2/src/DarkCompiler/passes/5_RegisterAllocation.fs,1086,SURVIVED,24387
237,CMP_LTE,/Users/paulbiggar/projects/ralph2/src/DarkCompiler/passes/5_RegisterAllocation.fs,2431,SURVIVED,24323
238,CMP_GTE,/Users/paulbiggar/projects/ralph2/src/DarkCompiler/passes/5_RegisterAllocation.fs,2431,SURVIVED,23930
239,CMP_NEQ,/Users/paulbiggar/projects/ralph2/src/DarkCompiler/passes/5_RegisterAllocation.fs,507,TIMEOUT,132203
240,CMP_NEQ,/Users/paulbiggar/projects/ralph2/src/DarkCompiler/passes/5_RegisterAllocation.fs,572,TIMEOUT,132064
241,CMP_NEQ,/Users/paulbiggar/projects/ralph2/src/DarkCompiler/passes/5_RegisterAllocation.fs,777,TIMEOUT,132033
242,CMP_NEQ,/Users/paulbiggar/projects/ralph2/src/DarkCompiler/passes/5_RegisterAllocation.fs,822,TIMEOUT,131883
243,CMP_NEQ,/Users/paulbiggar/projects/ralph2/src/DarkCompiler/passes/5_RegisterAllocation.fs,852,KILLED,21882
244,CMP_NEQ,/Users/paulbiggar/projects/ralph2/src/DarkCompiler/passes/5_RegisterAllocation.fs,882,KILLED,21863
245,CMP_NEQ,/Users/paulbiggar/projects/ralph2/src/DarkCompiler/passes/5_RegisterAllocation.fs,905,SURVIVED,22197
246,CMP_NEQ,/Users/paulbiggar/projects/ralph2/src/DarkCompiler/passes/5_RegisterAllocation.fs,1377,SURVIVED,24357
247,CMP_NEQ,/Users/paulbiggar/projects/ralph2/src/DarkCompiler/passes/5_RegisterAllocation.fs,2263,KILLED,14426
248,LOGIC_AND,/Users/paulbiggar/projects/ralph2/src/DarkCompiler/passes/5_RegisterAllocation.fs,947,KILLED,14127
249,LOGIC_AND,/Users/paulbiggar/projects/ralph2/src/DarkCompiler/passes/5_RegisterAllocation.fs,1015,KILLED,25789
250,LOGIC_AND,/Users/paulbiggar/projects/ralph2/src/DarkCompiler/passes/5_RegisterAllocation.fs,1081,TIMEOUT,132959
251,LOGIC_AND,/Users/paulbiggar/projects/ralph2/src/DarkCompiler/passes/5_RegisterAllocation.fs,1106,SURVIVED,22127
252,LOGIC_AND,/Users/paulbiggar/projects/ralph2/src/DarkCompiler/passes/5_RegisterAllocation.fs,2431,SURVIVED,21683
253,LOGIC_OR,/Users/paulbiggar/projects/ralph2/src/DarkCompiler/passes/5_RegisterAllocation.fs,507,KILLED,21987
254,LOGIC_OR,/Users/paulbiggar/projects/ralph2/src/DarkCompiler/passes/5_RegisterAllocation.fs,572,SURVIVED,21406
255,LOGIC_OR,/Users/paulbiggar/projects/ralph2/src/DarkCompiler/passes/5_RegisterAllocation.fs,2263,SURVIVED,21622
256,ARITH_ADD,/Users/paulbiggar/projects/ralph2/src/DarkCompiler/passes/6_CodeGen.fs,382,SURVIVED,22102
257,ARITH_ADD,/Users/paulbiggar/projects/ralph2/src/DarkCompiler/passes/6_CodeGen.fs,385,KILLED,107619
258,ARITH_ADD,/Users/paulbiggar/projects/ralph2/src/DarkCompiler/passes/6_CodeGen.fs,408,KILLED,22035
259,ARITH_ADD,/Users/paulbiggar/projects/ralph2/src/DarkCompiler/passes/6_CodeGen.fs,417,KILLED,22723
260,ARITH_ADD,/Users/paulbiggar/projects/ralph2/src/DarkCompiler/passes/6_CodeGen.fs,1143,TIMEOUT,132610
261,ARITH_ADD,/Users/paulbiggar/projects/ralph2/src/DarkCompiler/passes/6_CodeGen.fs,1159,KILLED,22062
262,ARITH_ADD,/Users/paulbiggar/projects/ralph2/src/DarkCompiler/passes/6_CodeGen.fs,1392,KILLED,21830
263,ARITH_ADD,/Users/paulbiggar/projects/ralph2/src/DarkCompiler/passes/6_CodeGen.fs,1414,SURVIVED,22110
264,ARITH_ADD,/Users/paulbiggar/projects/ralph2/src/DarkCompiler/passes/6_CodeGen.fs,1417,KILLED,23626
265,ARITH_ADD,/Users/paulbiggar/projects/ralph2/src/DarkCompiler/passes/6_CodeGen.fs,1420,SURVIVED,25931
266,ARITH_ADD,/Users/paulbiggar/projects/ralph2/src/DarkCompiler/passes/6_CodeGen.fs,1462,KILLED,25665
267,ARITH_ADD,/Users/paulbiggar/projects/ralph2/src/DarkCompiler/passes/6_CodeGen.fs,1484,SURVIVED,26657
268,ARITH_ADD,/Users/paulbiggar/projects/ralph2/src/DarkCompiler/passes/6_CodeGen.fs,1487,KILLED,24495
269,ARITH_ADD,/Users/paulbiggar/projects/ralph2/src/DarkCompiler/passes/6_CodeGen.fs,1490,SURVIVED,24377
270,ARITH_ADD,/Users/paulbiggar/projects/ralph2/src/DarkCompiler/passes/6_CodeGen.fs,3273,KILLED,21370
271,ARITH_SUB,/Users/paulbiggar/projects/ralph2/src/DarkCompiler/passes/6_CodeGen.fs,561,SURVIVED,23798
272,ARITH_SUB,/Users/paulbiggar/projects/ralph2/src/DarkCompiler/passes/6_CodeGen.fs,692,SURVIVED,24343
273,ARITH_SUB,/Users/paulbiggar/projects/ralph2/src/DarkCompiler/passes/6_CodeGen.fs,1223,KILLED,25273
274,ARITH_SUB,/Users/paulbiggar/projects/ralph2/src/DarkCompiler/passes/6_CodeGen.fs,1552,SURVIVED,24455
275,ARITH_SUB,/Users/paulbiggar/projects/ralph2/src/DarkCompiler/passes/6_CodeGen.fs,1641,SURVIVED,24397
276,ARITH_MUL,/Users/paulbiggar/projects/ralph2/src/DarkCompiler/passes/6_CodeGen.fs,417,KILLED,23775
277,CMP_LT,/Users/paulbiggar/projects/ralph2/src/DarkCompiler/passes/6_CodeGen.fs,298,KILLED,21287
278,CMP_LT,/Users/paulbiggar/projects/ralph2/src/DarkCompiler/passes/6_CodeGen.fs,321,KILLED,21490
279,CMP_LT,/Users/paulbiggar/projects/ralph2/src/DarkCompiler/passes/6_CodeGen.fs,1223,KILLED,25274
280,CMP_LT,/Users/paulbiggar/projects/ralph2/src/DarkCompiler/passes/6_CodeGen.fs,3037,SURVIVED,24623
281,CMP_GT,/Users/paulbiggar/projects/ralph2/src/DarkCompiler/passes/6_CodeGen.fs,256,SURVIVED,24377
282,CMP_GT,/Users/paulbiggar/projects/ralph2/src/DarkCompiler/passes/6_CodeGen.fs,305,SURVIVED,23927
283,CMP_GT,/Users/paulbiggar/projects/ralph2/src/DarkCompiler/passes/6_CodeGen.fs,328,SURVIVED,24610
284,CMP_GT,/Users/paulbiggar/projects/ralph2/src/DarkCompiler/passes/6_CodeGen.fs,438,KILLED,24256
285,CMP_GT,/Users/paulbiggar/projects/ralph2/src/DarkCompiler/passes/6_CodeGen.fs,466,KILLED,24760
286,CMP_GT,/Users/paulbiggar/projects/ralph2/src/DarkCompiler/passes/6_CodeGen.fs,1246,KILLED,23631
287,CMP_GT,/Users/paulbiggar/projects/ralph2/src/DarkCompiler/passes/6_CodeGen.fs,1268,SURVIVED,24390
288,CMP_GT,/Users/paulbiggar/projects/ralph2/src/DarkCompiler/passes/6_CodeGen.fs,1343,KILLED,25520
289,CMP_LTE,/Users/paulbiggar/projects/ralph2/src/DarkCompiler/passes/6_CodeGen.fs,295,SURVIVED,24504
290,CMP_LTE,/Users/paulbiggar/projects/ralph2/src/DarkCompiler/passes/6_CodeGen.fs,298,KILLED,22446
291,CMP_LTE,/Users/paulbiggar/projects/ralph2/src/DarkCompiler/passes/6_CodeGen.fs,305,SURVIVED,24028
292,CMP_LTE,/Users/paulbiggar/projects/ralph2/src/DarkCompiler/passes/6_CodeGen.fs,318,SURVIVED,24245
293,CMP_LTE,/Users/paulbiggar/projects/ralph2/src/DarkCompiler/passes/6_CodeGen.fs,321,KILLED,23024
294,CMP_LTE,/Users/paulbiggar/projects/ralph2/src/DarkCompiler/passes/6_CodeGen.fs,328,SURVIVED,23996
295,CMP_GTE,/Users/paulbiggar/projects/ralph2/src/DarkCompiler/passes/6_CodeGen.fs,295,KILLED,24456
296,CMP_GTE,/Users/paulbiggar/projects/ralph2/src/DarkCompiler/passes/6_CodeGen.fs,318,TIMEOUT,132232
297,CMP_GTE,/Users/paulbiggar/projects/ralph2/src/DarkCompiler/passes/6_CodeGen.fs,2365,SURVIVED,22056
298,CMP_GTE,/Users/paulbiggar/projects/ralph2/src/DarkCompiler/passes/6_CodeGen.fs,2541,SURVIVED,21796
299,CMP_NEQ,/Users/paulbiggar/projects/ralph2/src/DarkCompiler/passes/6_CodeGen.fs,267,SURVIVED,21557
300,CMP_NEQ,/Users/paulbiggar/projects/ralph2/src/DarkCompiler/passes/6_CodeGen.fs,268,KILLED,21777
301,CMP_NEQ,/Users/paulbiggar/projects/ralph2/src/DarkCompiler/passes/6_CodeGen.fs,269,KILLED,25762
302,CMP_NEQ,/Users/paulbiggar/projects/ralph2/src/DarkCompiler/passes/6_CodeGen.fs,270,KILLED,26226
303,CMP_NEQ,/Users/paulbiggar/projects/ralph2/src/DarkCompiler/passes/6_CodeGen.fs,283,SURVIVED,26202
304,CMP_NEQ,/Users/paulbiggar/projects/ralph2/src/DarkCompiler/passes/6_CodeGen.fs,284,KILLED,24273
305,CMP_NEQ,/Users/paulbiggar/projects/ralph2/src/DarkCompiler/passes/6_CodeGen.fs,285,KILLED,23878
306,CMP_NEQ,/Users/paulbiggar/projects/ralph2/src/DarkCompiler/passes/6_CodeGen.fs,286,KILLED,24468
307,CMP_NEQ,/Users/paulbiggar/projects/ralph2/src/DarkCompiler/passes/6_CodeGen.fs,814,SURVIVED,23900
308,CMP_NEQ,/Users/paulbiggar/projects/ralph2/src/DarkCompiler/passes/6_CodeGen.fs,827,SURVIVED,24344
309,CMP_NEQ,/Users/paulbiggar/projects/ralph2/src/DarkCompiler/passes/6_CodeGen.fs,836,SURVIVED,24216
310,CMP_NEQ,/Users/paulbiggar/projects/ralph2/src/DarkCompiler/passes/6_CodeGen.fs,845,SURVIVED,24109
311,CMP_NEQ,/Users/paulbiggar/projects/ralph2/src/DarkCompiler/passes/6_CodeGen.fs,854,SURVIVED,24931
312,CMP_NEQ,/Users/paulbiggar/projects/ralph2/src/DarkCompiler/passes/6_CodeGen.fs,866,SURVIVED,24213
313,CMP_NEQ,/Users/paulbiggar/projects/ralph2/src/DarkCompiler/passes/6_CodeGen.fs,1749,KILLED,24823
314,CMP_NEQ,/Users/paulbiggar/projects/ralph2/src/DarkCompiler/passes/6_CodeGen.fs,1761,SURVIVED,25071
315,CMP_NEQ,/Users/paulbiggar/projects/ralph2/src/DarkCompiler/passes/6_CodeGen.fs,1776,SURVIVED,23522
316,LOGIC_AND,/Users/paulbiggar/projects/ralph2/src/DarkCompiler/passes/6_CodeGen.fs,267,SURVIVED,24237
317,LOGIC_AND,/Users/paulbiggar/projects/ralph2/src/DarkCompiler/passes/6_CodeGen.fs,268,SURVIVED,24499
318,LOGIC_AND,/Users/paulbiggar/projects/ralph2/src/DarkCompiler/passes/6_CodeGen.fs,269,SURVIVED,25060
319,LOGIC_AND,/Users/paulbiggar/projects/ralph2/src/DarkCompiler/passes/6_CodeGen.fs,270,SURVIVED,24212
320,LOGIC_AND,/Users/paulbiggar/projects/ralph2/src/DarkCompiler/passes/6_CodeGen.fs,283,SURVIVED,24363
321,LOGIC_AND,/Users/paulbiggar/projects/ralph2/src/DarkCompiler/passes/6_CodeGen.fs,284,SURVIVED,24029
322,LOGIC_AND,/Users/paulbiggar/projects/ralph2/src/DarkCompiler/passes/6_CodeGen.fs,285,SURVIVED,24645
323,LOGIC_AND,/Users/paulbiggar/projects/ralph2/src/DarkCompiler/passes/6_CodeGen.fs,286,SURVIVED,24388
324,LOGIC_AND,/Users/paulbiggar/projects/ralph2/src/DarkCompiler/passes/6_CodeGen.fs,295,KILLED,24470
325,LOGIC_AND,/Users/paulbiggar/projects/ralph2/src/DarkCompiler/passes/6_CodeGen.fs,298,SURVIVED,24601
326,LOGIC_AND,/Users/paulbiggar/projects/ralph2/src/DarkCompiler/passes/6_CodeGen.fs,305,SURVIVED,24420
327,LOGIC_AND,/Users/paulbiggar/projects/ralph2/src/DarkCompiler/passes/6_CodeGen.fs,318,TIMEOUT,132019
328,LOGIC_AND,/Users/paulbiggar/projects/ralph2/src/DarkCompiler/passes/6_CodeGen.fs,321,SURVIVED,21510
329,LOGIC_AND,/Users/paulbiggar/projects/ralph2/src/DarkCompiler/passes/6_CodeGen.fs,328,SURVIVED,23588
330,LOGIC_AND,/Users/paulbiggar/projects/ralph2/src/DarkCompiler/passes/6_CodeGen.fs,1356,KILLED,26883
331,LOGIC_AND,/Users/paulbiggar/projects/ralph2/src/DarkCompiler/passes/6_CodeGen.fs,1430,TIMEOUT,133241
332,LOGIC_OR,/Users/paulbiggar/projects/ralph2/src/DarkCompiler/passes/6_CodeGen.fs,2730,SURVIVED,23654
333,LOGIC_OR,/Users/paulbiggar/projects/ralph2/src/DarkCompiler/passes/6_CodeGen.fs,2749,SURVIVED,23071
334,LOGIC_OR,/Users/paulbiggar/projects/ralph2/src/DarkCompiler/passes/6_CodeGen.fs,2793,SURVIVED,24669
335,LOGIC_OR,/Users/paulbiggar/projects/ralph2/src/DarkCompiler/passes/6_CodeGen.fs,2873,SURVIVED,24515
336,ARITH_ADD,/Users/paulbiggar/projects/ralph2/src/DarkCompiler/passes/7_ARM64_Encoding.fs,966,TIMEOUT,132050
337,ARITH_ADD,/Users/paulbiggar/projects/ralph2/src/DarkCompiler/passes/7_ARM64_Encoding.fs,971,KILLED,22402
338,ARITH_ADD,/Users/paulbiggar/projects/ralph2/src/DarkCompiler/passes/7_ARM64_Encoding.fs,1186,KILLED,22176
339,ARITH_ADD,/Users/paulbiggar/projects/ralph2/src/DarkCompiler/passes/7_ARM64_Encoding.fs,1219,KILLED,22456
340,ARITH_ADD,/Users/paulbiggar/projects/ralph2/src/DarkCompiler/passes/7_ARM64_Encoding.fs,1231,KILLED,23283
341,ARITH_ADD,/Users/paulbiggar/projects/ralph2/src/DarkCompiler/passes/7_ARM64_Encoding.fs,1236,SURVIVED,23769
342,ARITH_MUL,/Users/paulbiggar/projects/ralph2/src/DarkCompiler/passes/7_ARM64_Encoding.fs,1195,KILLED,24943
343,ARITH_MUL,/Users/paulbiggar/projects/ralph2/src/DarkCompiler/passes/7_ARM64_Encoding.fs,1236,SURVIVED,25358
344,ARITH_DIV,/Users/paulbiggar/projects/ralph2/src/DarkCompiler/passes/7_ARM64_Encoding.fs,1236,SURVIVED,25124
345,CMP_GT,/Users/paulbiggar/projects/ralph2/src/DarkCompiler/passes/7_ARM64_Encoding.fs,1338,SURVIVED,24501
346,CMP_LTE,/Users/paulbiggar/projects/ralph2/src/DarkCompiler/passes/7_ARM64_Encoding.fs,1235,SURVIVED,23906
347,ARITH_ADD,/Users/paulbiggar/projects/ralph2/src/DarkCompiler/passes/8_Binary_Generation_MachO.fs,369,SURVIVED,24223
348,ARITH_ADD,/Users/paulbiggar/projects/ralph2/src/DarkCompiler/passes/8_Binary_Generation_MachO.fs,385,SURVIVED,24428
349,ARITH_SUB,/Users/paulbiggar/projects/ralph2/src/DarkCompiler/passes/8_Binary_Generation_MachO.fs,36,KILLED,24774
350,ARITH_SUB,/Users/paulbiggar/projects/ralph2/src/DarkCompiler/passes/8_Binary_Generation_MachO.fs,123,SURVIVED,26134
351,ARITH_SUB,/Users/paulbiggar/projects/ralph2/src/DarkCompiler/passes/8_Binary_Generation_MachO.fs,135,SURVIVED,24624
352,CMP_GT,/Users/paulbiggar/projects/ralph2/src/DarkCompiler/passes/8_Binary_Generation_MachO.fs,33,KILLED,24701
353,CMP_NEQ,/Users/paulbiggar/projects/ralph2/src/DarkCompiler/passes/8_Binary_Generation_MachO.fs,610,SURVIVED,24000
354,CMP_LT,/Users/paulbiggar/projects/ralph2/src/DarkCompiler/passes/1.5_TypeChecking.fs,1051,KILLED,24932
355,CMP_LT,/Users/paulbiggar/projects/ralph2/src/DarkCompiler/passes/1.5_TypeChecking.fs,1137,KILLED,23655
356,CMP_LT,/Users/paulbiggar/projects/ralph2/src/DarkCompiler/passes/1.5_TypeChecking.fs,1211,SURVIVED,24063
357,CMP_LT,/Users/paulbiggar/projects/ralph2/src/DarkCompiler/passes/1.5_TypeChecking.fs,1248,SURVIVED,24163
358,CMP_LT,/Users/paulbiggar/projects/ralph2/src/DarkCompiler/passes/1.5_TypeChecking.fs,1382,SURVIVED,24245
359,CMP_LT,/Users/paulbiggar/projects/ralph2/src/DarkCompiler/passes/1.5_TypeChecking.fs,1468,SURVIVED,24934
360,CMP_LT,/Users/paulbiggar/projects/ralph2/src/DarkCompiler/passes/1.5_TypeChecking.fs,1573,KILLED,24580
361,CMP_LT,/Users/paulbiggar/projects/ralph2/src/DarkCompiler/passes/1.5_TypeChecking.fs,2086,SURVIVED,25177
362,CMP_GT,/Users/paulbiggar/projects/ralph2/src/DarkCompiler/passes/1.5_TypeChecking.fs,1049,KILLED,24471
363,CMP_GT,/Users/paulbiggar/projects/ralph2/src/DarkCompiler/passes/1.5_TypeChecking.fs,1135,KILLED,24594
364,CMP_GT,/Users/paulbiggar/projects/ralph2/src/DarkCompiler/passes/1.5_TypeChecking.fs,1209,SURVIVED,24232
365,CMP_GT,/Users/paulbiggar/projects/ralph2/src/DarkCompiler/passes/1.5_TypeChecking.fs,1380,SURVIVED,23968
366,CMP_GT,/Users/paulbiggar/projects/ralph2/src/DarkCompiler/passes/1.5_TypeChecking.fs,1466,SURVIVED,24492
367,CMP_GT,/Users/paulbiggar/projects/ralph2/src/DarkCompiler/passes/1.5_TypeChecking.fs,2084,SURVIVED,24464
368,CMP_GTE,/Users/paulbiggar/projects/ralph2/src/DarkCompiler/passes/1.5_TypeChecking.fs,1573,KILLED,24392
369,CMP_NEQ,/Users/paulbiggar/projects/ralph2/src/DarkCompiler/passes/1.5_TypeChecking.fs,191,KILLED,12740
370,CMP_NEQ,/Users/paulbiggar/projects/ralph2/src/DarkCompiler/passes/1.5_TypeChecking.fs,270,KILLED,23892
371,CMP_NEQ,/Users/paulbiggar/projects/ralph2/src/DarkCompiler/passes/1.5_TypeChecking.fs,458,KILLED,24272
372,CMP_NEQ,/Users/paulbiggar/projects/ralph2/src/DarkCompiler/passes/1.5_TypeChecking.fs,473,KILLED,13407
373,CMP_NEQ,/Users/paulbiggar/projects/ralph2/src/DarkCompiler/passes/1.5_TypeChecking.fs,488,KILLED,12624
374,CMP_NEQ,/Users/paulbiggar/projects/ralph2/src/DarkCompiler/passes/1.5_TypeChecking.fs,507,KILLED,12237
375,CMP_NEQ,/Users/paulbiggar/projects/ralph2/src/DarkCompiler/passes/1.5_TypeChecking.fs,628,KILLED,19877
376,CMP_NEQ,/Users/paulbiggar/projects/ralph2/src/DarkCompiler/passes/1.5_TypeChecking.fs,817,KILLED,12899
377,CMP_NEQ,/Users/paulbiggar/projects/ralph2/src/DarkCompiler/passes/1.5_TypeChecking.fs,850,KILLED,12854
378,CMP_NEQ,/Users/paulbiggar/projects/ralph2/src/DarkCompiler/passes/1.5_TypeChecking.fs,862,KILLED,12279
379,CMP_NEQ,/Users/paulbiggar/projects/ralph2/src/DarkCompiler/passes/1.5_TypeChecking.fs,879,KILLED,12622
380,CMP_NEQ,/Users/paulbiggar/projects/ralph2/src/DarkCompiler/passes/1.5_TypeChecking.fs,884,KILLED,13217
381,CMP_NEQ,/Users/paulbiggar/projects/ralph2/src/DarkCompiler/passes/1.5_TypeChecking.fs,904,KILLED,12465
382,CMP_NEQ,/Users/paulbiggar/projects/ralph2/src/DarkCompiler/passes/1.5_TypeChecking.fs,909,KILLED,13031
383,CMP_NEQ,/Users/paulbiggar/projects/ralph2/src/DarkCompiler/passes/1.5_TypeChecking.fs,920,KILLED,12390
384,CMP_NEQ,/Users/paulbiggar/projects/ralph2/src/DarkCompiler/passes/1.5_TypeChecking.fs,925,KILLED,12761
385,CMP_NEQ,/Users/paulbiggar/projects/ralph2/src/DarkCompiler/passes/1.5_TypeChecking.fs,951,KILLED,13039
386,CMP_NEQ,/Users/paulbiggar/projects/ralph2/src/DarkCompiler/passes/1.5_TypeChecking.fs,962,KILLED,12632
387,CMP_NEQ,/Users/paulbiggar/projects/ralph2/src/DarkCompiler/passes/1.5_TypeChecking.fs,1012,KILLED,12326
388,CMP_NEQ,/Users/paulbiggar/projects/ralph2/src/DarkCompiler/passes/1.5_TypeChecking.fs,2051,KILLED,12392
389,LOGIC_AND,/Users/paulbiggar/projects/ralph2/src/DarkCompiler/passes/1.5_TypeChecking.fs,572,SURVIVED,24744
390,LOGIC_AND,/Users/paulbiggar/projects/ralph2/src/DarkCompiler/passes/1.5_TypeChecking.fs,575,SURVIVED,25864
391,LOGIC_AND,/Users/paulbiggar/projects/ralph2/src/DarkCompiler/passes/1.5_TypeChecking.fs,578,SURVIVED,24392
392,LOGIC_AND,/Users/paulbiggar/projects/ralph2/src/DarkCompiler/passes/1.5_TypeChecking.fs,605,SURVIVED,27122
393,LOGIC_AND,/Users/paulbiggar/projects/ralph2/src/DarkCompiler/passes/1.5_TypeChecking.fs,610,SURVIVED,25972
394,LOGIC_AND,/Users/paulbiggar/projects/ralph2/src/DarkCompiler/passes/1.5_TypeChecking.fs,615,SURVIVED,25431
395,LOGIC_AND,/Users/paulbiggar/projects/ralph2/src/DarkCompiler/passes/1.5_TypeChecking.fs,667,SURVIVED,24007
396,LOGIC_AND,/Users/paulbiggar/projects/ralph2/src/DarkCompiler/passes/1.5_TypeChecking.fs,1211,KILLED,12675
397,LOGIC_OR,/Users/paulbiggar/projects/ralph2/src/DarkCompiler/passes/1.5_TypeChecking.fs,543,SURVIVED,24430
398,LOGIC_OR,/Users/paulbiggar/projects/ralph2/src/DarkCompiler/passes/1.5_TypeChecking.fs,1573,SURVIVED,24542
399,ARITH_ADD,/Users/paulbiggar/projects/ralph2/src/DarkCompiler/ANF.fs,184,KILLED,15236
400,ARITH_ADD,/Users/paulbiggar/projects/ralph2/src/DarkCompiler/ANF.fs,234,SURVIVED,24802
401,ARITH_ADD,/Users/paulbiggar/projects/ralph2/src/DarkCompiler/ANF.fs,257,SURVIVED,25118
402,ARITH_MUL,/Users/paulbiggar/projects/ralph2/src/DarkCompiler/AST.fs,167,BUILD_FAILURE,4324
403,ARITH_ADD,/Users/paulbiggar/projects/ralph2/src/DarkCompiler/CompilerLibrary.fs,118,KILLED,25328
404,ARITH_ADD,/Users/paulbiggar/projects/ralph2/src/DarkCompiler/CompilerLibrary.fs,139,SURVIVED,24484
405,ARITH_ADD,/Users/paulbiggar/projects/ralph2/src/DarkCompiler/CompilerLibrary.fs,349,SURVIVED,24328
406,ARITH_ADD,/Users/paulbiggar/projects/ralph2/src/DarkCompiler/CompilerLibrary.fs,592,SURVIVED,25142
407,ARITH_SUB,/Users/paulbiggar/projects/ralph2/src/DarkCompiler/CompilerLibrary.fs,348,SURVIVED,24397
408,ARITH_SUB,/Users/paulbiggar/projects/ralph2/src/DarkCompiler/CompilerLibrary.fs,591,SURVIVED,25133
409,ARITH_SUB,/Users/paulbiggar/projects/ralph2/src/DarkCompiler/CompilerLibrary.fs,1683,SURVIVED,24733
410,CMP_LT,/Users/paulbiggar/projects/ralph2/src/DarkCompiler/CompilerLibrary.fs,349,SURVIVED,25417
411,CMP_LT,/Users/paulbiggar/projects/ralph2/src/DarkCompiler/CompilerLibrary.fs,592,SURVIVED,24571
412,CMP_GTE,/Users/paulbiggar/projects/ralph2/src/DarkCompiler/CompilerLibrary.fs,87,SURVIVED,61728
413,CMP_GTE,/Users/paulbiggar/projects/ralph2/src/DarkCompiler/CompilerLibrary.fs,173,SURVIVED,23579
414,CMP_GTE,/Users/paulbiggar/projects/ralph2/src/DarkCompiler/CompilerLibrary.fs,180,SURVIVED,24511
415,CMP_GTE,/Users/paulbiggar/projects/ralph2/src/DarkCompiler/CompilerLibrary.fs,189,SURVIVED,24360
416,CMP_GTE,/Users/paulbiggar/projects/ralph2/src/DarkCompiler/CompilerLibrary.fs,201,SURVIVED,24517
417,CMP_GTE,/Users/paulbiggar/projects/ralph2/src/DarkCompiler/CompilerLibrary.fs,210,SURVIVED,24144
418,CMP_GTE,/Users/paulbiggar/projects/ralph2/src/DarkCompiler/CompilerLibrary.fs,236,SURVIVED,24888
419,CMP_GTE,/Users/paulbiggar/projects/ralph2/src/DarkCompiler/CompilerLibrary.fs,247,SURVIVED,25500
420,CMP_GTE,/Users/paulbiggar/projects/ralph2/src/DarkCompiler/CompilerLibrary.fs,265,SURVIVED,24961
421,CMP_GTE,/Users/paulbiggar/projects/ralph2/src/DarkCompiler/CompilerLibrary.fs,276,SURVIVED,24593
422,CMP_GTE,/Users/paulbiggar/projects/ralph2/src/DarkCompiler/CompilerLibrary.fs,290,SURVIVED,24630
423,CMP_GTE,/Users/paulbiggar/projects/ralph2/src/DarkCompiler/CompilerLibrary.fs,323,SURVIVED,24304
424,CMP_GTE,/Users/paulbiggar/projects/ralph2/src/DarkCompiler/CompilerLibrary.fs,327,SURVIVED,24988
425,CMP_GTE,/Users/paulbiggar/projects/ralph2/src/DarkCompiler/CompilerLibrary.fs,342,SURVIVED,24297
426,CMP_GTE,/Users/paulbiggar/projects/ralph2/src/DarkCompiler/CompilerLibrary.fs,346,SURVIVED,24295
427,CMP_GTE,/Users/paulbiggar/projects/ralph2/src/DarkCompiler/CompilerLibrary.fs,361,SURVIVED,24081
428,CMP_GTE,/Users/paulbiggar/projects/ralph2/src/DarkCompiler/CompilerLibrary.fs,566,SURVIVED,25018
429,CMP_GTE,/Users/paulbiggar/projects/ralph2/src/DarkCompiler/CompilerLibrary.fs,570,SURVIVED,24659
430,CMP_GTE,/Users/paulbiggar/projects/ralph2/src/DarkCompiler/CompilerLibrary.fs,585,SURVIVED,24762
431,CMP_GTE,/Users/paulbiggar/projects/ralph2/src/DarkCompiler/CompilerLibrary.fs,589,SURVIVED,24163
432,CMP_GTE,/Users/paulbiggar/projects/ralph2/src/DarkCompiler/CompilerLibrary.fs,604,SURVIVED,24595
433,CMP_GTE,/Users/paulbiggar/projects/ralph2/src/DarkCompiler/CompilerLibrary.fs,1085,SURVIVED,24781
434,CMP_GTE,/Users/paulbiggar/projects/ralph2/src/DarkCompiler/CompilerLibrary.fs,1099,SURVIVED,24142
435,CMP_GTE,/Users/paulbiggar/projects/ralph2/src/DarkCompiler/CompilerLibrary.fs,1109,SURVIVED,24875
436,CMP_GTE,/Users/paulbiggar/projects/ralph2/src/DarkCompiler/CompilerLibrary.fs,1125,SURVIVED,25602
437,CMP_GTE,/Users/paulbiggar/projects/ralph2/src/DarkCompiler/CompilerLibrary.fs,1174,SURVIVED,24488
438,CMP_GTE,/Users/paulbiggar/projects/ralph2/src/DarkCompiler/CompilerLibrary.fs,1238,SURVIVED,24504
439,CMP_GTE,/Users/paulbiggar/projects/ralph2/src/DarkCompiler/CompilerLibrary.fs,1280,SURVIVED,24149
440,CMP_GTE,/Users/paulbiggar/projects/ralph2/src/DarkCompiler/CompilerLibrary.fs,1316,SURVIVED,24265
441,CMP_GTE,/Users/paulbiggar/projects/ralph2/src/DarkCompiler/CompilerLibrary.fs,1337,SURVIVED,24531
442,CMP_GTE,/Users/paulbiggar/projects/ralph2/src/DarkCompiler/CompilerLibrary.fs,1385,SURVIVED,24516
443,CMP_GTE,/Users/paulbiggar/projects/ralph2/src/DarkCompiler/CompilerLibrary.fs,1441,SURVIVED,25607
444,CMP_GTE,/Users/paulbiggar/projects/ralph2/src/DarkCompiler/CompilerLibrary.fs,1455,SURVIVED,25022
445,CMP_GTE,/Users/paulbiggar/projects/ralph2/src/DarkCompiler/CompilerLibrary.fs,1465,SURVIVED,24545
446,CMP_GTE,/Users/paulbiggar/projects/ralph2/src/DarkCompiler/CompilerLibrary.fs,1482,SURVIVED,24729
447,CMP_GTE,/Users/paulbiggar/projects/ralph2/src/DarkCompiler/CompilerLibrary.fs,1520,SURVIVED,24603
448,CMP_GTE,/Users/paulbiggar/projects/ralph2/src/DarkCompiler/CompilerLibrary.fs,1553,SURVIVED,24433
449,CMP_GTE,/Users/paulbiggar/projects/ralph2/src/DarkCompiler/CompilerLibrary.fs,1581,SURVIVED,25382
450,CMP_GTE,/Users/paulbiggar/projects/ralph2/src/DarkCompiler/CompilerLibrary.fs,1709,SURVIVED,24864
451,CMP_GTE,/Users/paulbiggar/projects/ralph2/src/DarkCompiler/CompilerLibrary.fs,1738,SURVIVED,24494
452,CMP_NEQ,/Users/paulbiggar/projects/ralph2/src/DarkCompiler/CompilerLibrary.fs,542,SURVIVED,25328
453,CMP_NEQ,/Users/paulbiggar/projects/ralph2/src/DarkCompiler/CompilerLibrary.fs,684,SURVIVED,25154
454,CMP_NEQ,/Users/paulbiggar/projects/ralph2/src/DarkCompiler/CompilerLibrary.fs,686,SURVIVED,24552
455,CMP_NEQ,/Users/paulbiggar/projects/ralph2/src/DarkCompiler/CompilerLibrary.fs,688,SURVIVED,25365
456,CMP_NEQ,/Users/paulbiggar/projects/ralph2/src/DarkCompiler/CompilerLibrary.fs,690,SURVIVED,24915
457,CMP_NEQ,/Users/paulbiggar/projects/ralph2/src/DarkCompiler/CompilerLibrary.fs,697,SURVIVED,24190
458,CMP_NEQ,/Users/paulbiggar/projects/ralph2/src/DarkCompiler/CompilerLibrary.fs,700,SURVIVED,25105
459,CMP_NEQ,/Users/paulbiggar/projects/ralph2/src/DarkCompiler/CompilerLibrary.fs,704,SURVIVED,24999
460,CMP_NEQ,/Users/paulbiggar/projects/ralph2/src/DarkCompiler/CompilerLibrary.fs,706,SURVIVED,24722
461,CMP_NEQ,/Users/paulbiggar/projects/ralph2/src/DarkCompiler/CompilerLibrary.fs,708,SURVIVED,24531
462,CMP_NEQ,/Users/paulbiggar/projects/ralph2/src/DarkCompiler/CompilerLibrary.fs,712,SURVIVED,24982
463,CMP_NEQ,/Users/paulbiggar/projects/ralph2/src/DarkCompiler/CompilerLibrary.fs,1650,SURVIVED,24527
464,LOGIC_AND,/Users/paulbiggar/projects/ralph2/src/DarkCompiler/CompilerLibrary.fs,327,SURVIVED,25783
465,LOGIC_AND,/Users/paulbiggar/projects/ralph2/src/DarkCompiler/CompilerLibrary.fs,346,SURVIVED,24890
466,LOGIC_AND,/Users/paulbiggar/projects/ralph2/src/DarkCompiler/CompilerLibrary.fs,542,SURVIVED,24531
467,LOGIC_AND,/Users/paulbiggar/projects/ralph2/src/DarkCompiler/CompilerLibrary.fs,570,SURVIVED,23977
468,LOGIC_AND,/Users/paulbiggar/projects/ralph2/src/DarkCompiler/CompilerLibrary.fs,589,SURVIVED,24011
469,LOGIC_AND,/Users/paulbiggar/projects/ralph2/src/DarkCompiler/CompilerLibrary.fs,1168,KILLED,74872
470,LOGIC_OR,/Users/paulbiggar/projects/ralph2/src/DarkCompiler/CompilerLibrary.fs,87,SURVIVED,25805
471,LOGIC_OR,/Users/paulbiggar/projects/ralph2/src/DarkCompiler/CompilerLibrary.fs,1027,SURVIVED,24902
472,LOGIC_OR,/Users/paulbiggar/projects/ralph2/src/DarkCompiler/CompilerLibrary.fs,1144,KILLED,72749
473,ARITH_MUL,/Users/paulbiggar/projects/ralph2/src/DarkCompiler/LIRSymbolic.fs,403,BUILD_FAILURE,4767
474,ARITH_ADD,/Users/paulbiggar/projects/ralph2/src/DarkCompiler/MIR.fs,189,TIMEOUT,132488
475,ARITH_ADD,/Users/paulbiggar/projects/ralph2/src/DarkCompiler/MIR.fs,199,KILLED,15281
476,ARITH_ADD,/Users/paulbiggar/projects/ralph2/src/DarkCompiler/MIR.fs,203,SURVIVED,23507
477,ARITH_MUL,/Users/paulbiggar/projects/ralph2/src/DarkCompiler/MIR.fs,210,BUILD_FAILURE,4404
478,ARITH_MUL,/Users/paulbiggar/projects/ralph2/src/DarkCompiler/ParallelMoves.fs,30,BUILD_FAILURE,4774
479,ARITH_MUL,/Users/paulbiggar/projects/ralph2/src/DarkCompiler/ParallelMoves.fs,109,BUILD_FAILURE,4397
480,LOGIC_AND,/Users/paulbiggar/projects/ralph2/src/DarkCompiler/ParallelMoves.fs,69,TIMEOUT,132618
481,CMP_NEQ,/Users/paulbiggar/projects/ralph2/src/DarkCompiler/Program.fs,313,SURVIVED,24472
482,CMP_NEQ,/Users/paulbiggar/projects/ralph2/src/DarkCompiler/Program.fs,315,SURVIVED,24456
483,LOGIC_AND,/Users/paulbiggar/projects/ralph2/src/DarkCompiler/Program.fs,258,SURVIVED,25244
484,LOGIC_OR,/Users/paulbiggar/projects/ralph2/src/DarkCompiler/Program.fs,251,SURVIVED,24746
485,CMP_LT,/Users/paulbiggar/projects/ralph2/src/DarkCompiler/Runtime.fs,2598,SURVIVED,24669
486,CMP_LT,/Users/paulbiggar/projects/ralph2/src/DarkCompiler/Runtime.fs,2659,SURVIVED,24624
487,LOGIC_AND,/Users/paulbiggar/projects/ralph2/src/DarkCompiler/Stdlib.fs,216,SURVIVED,24932
